NISN,Nama Lengkap,Kelas,Password
12345678,Candra Ramadhani,X-MM 1,wgmj7r461lz
12345679,Zahra Saputra,XII-AKL 1,2itdlgtd
12345680,Yoga Saputri,X-OTKP 1,19lwi54ertji
12345681,Rafi Cahyono,X-TBSM 3,l0zxnmm6
12345682,Imam Suharto,XII-OTKP 3,690tlwhyi9j
12345683,Maman Safitri,XII-IPS 3,wphmd3om
12345684,Bella Rizki,X-TKJ 2,rrq7xucc
12345685,Ojan Safitri,X-OTKP 2,f0vy8xgjfd
12345686,Fitri Santoso,X-TKRO 3,qhjl6tyxfdv
12345687,Xena Susanto,X-OTKP 3,7eqrfp6aq48
12345688,Tari Gunawan,XI-BDP 3,zf7qs2tj
12345689,Maman Gunawan,XI-RPL 2,vsj3f55f2m
12345690,Deni Lestari,XII-IPS 2,r4isgw1z
12345691,Candra Rahmawati,XII-RPL 1,mt0a8ggby
12345692,Ahmad Saputra,XII-RPL 1,v2wd0crj
12345693,Deni Handoko,XII-OTKP 2,h2w2gbm05f
12345694,Ojan Surya,XII-TKRO 1,mqhs0tva53
12345695,Eka Maulana,X-IPA 2,ypth0tccwu2k
12345696,Maman Nugraha,XI-TKRO 2,n2ra8xl3
12345697,Zahra Gunawan,XI-IPS 2,vytz86olqn3
12345698,Citra Ananda,XI-OTKP 3,f38aw4ummpy
12345699,Nisa Wijaya,XI-TKJ 1,rurxtiool
12345700,Eko Rahmawati,XII-IPA 1,odj7xf16
12345701,Yoga Handoko,X-IPA 3,fomhv45i9
12345702,Maya Septian,X-IPS 2,vjlrhri8jrr
12345703,Citra Hidayat,XII-IPA 2,re4le36zh8g
12345704,Deni Kusuma,X-TBSM 2,voxmzanjm34w
12345705,Indah Susanto,XII-TKRO 3,49w7xubxxo2o
12345706,Maya Kurniawan,XI-OTKP 1,xpvr7flcqb8
12345707,Sari Permana,X-OTKP 2,uit8jhyjgq
12345708,Sari Purnama,X-IPA 2,dkykpoc2er
12345709,Wawan Dewi,XI-TKJ 1,7pwan4h2di21
12345710,Yoga Ananda,XI-OTKP 3,48dhz9rlozgn
12345711,Hadi Ramadhani,XII-TKRO 3,c9pbpm7r
12345712,Budi Santoso,XI-AKL 1,3e7hd8iobice
12345713,Fitri Aditya,X-MM 3,5u96gr6wll
12345714,Fitri Kusuma,X-OTKP 2,iyspk72zk
12345715,Zahra Hidayat,XI-MM 3,ft4ws3mhs
12345716,Putra Nugraha,XII-IPA 2,bwjovcmm0zg
12345717,Rina Hidayat,X-OTKP 3,b21fa3803hvf
12345718,Vero Kusuma,X-OTKP 2,9f7hftddn
12345719,Putri Nugraha,XI-RPL 1,3pvknufu2y
12345720,Imam Handoko,XI-IPS 1,6igg3r3go
12345721,Eko Dewi,X-TKJ 2,2e370wn3o1
12345722,Umar Azzahra,X-IPS 1,ljiqesvps175
12345723,Putri Surya,XII-IPA 1,60wx7gmvu8
12345724,Kiki Susanto,X-TKJ 2,k97e56yrdhu
12345725,Vina Hidayat,X-TKRO 3,xct0yi0m
12345726,Deni Dewi,XI-MM 2,mtfxpcvnuei
12345727,Hadi Anggraini,XII-OTKP 1,bvrk52nex8xj
12345728,Umi Santoso,XI-IPS 1,ai7advwa7c
12345729,Nanda Kusuma,XI-TBSM 1,za0iej3141wp
12345730,Rafi Saputra,X-RPL 1,9ae2slu7u7pc
12345731,Rina Hidayat,XI-AKL 2,w5oamc26l1
12345732,Xena Ramadhan,XI-IPS 3,dm6tu45rqprf
12345733,Yudi Saputra,XI-MM 1,qwtr15p67
12345734,Nanda Rizki,X-BDP 3,k8iiwjg9tu
12345735,Sandi Lestari,XII-BDP 2,g0uetpnhsho
12345736,Sandi Suharto,XII-OTKP 3,ivtq0mw55yt
12345737,Yudi Wijaya,XI-IPA 2,b0okftqye1n
12345738,Budi Handoko,X-OTKP 2,714bi318kb
12345739,Bella Anggraini,X-RPL 2,ocz8is18q
12345740,Ahmad Hidayat,XI-TKJ 2,dvqmxu2m5h
12345741,Vero Pratama,XII-TBSM 1,cvk2a9hplo
12345742,Imam Hidayat,X-TKRO 1,uouwpyjrv
12345743,Budi Azzahra,X-TBSM 3,kr1hunci
12345744,Lina Santoso,XI-TBSM 2,lu3dcyha5k
12345745,Bella Syahputra,XII-AKL 2,n81rcm7mp
12345746,Maman Maulana,XI-OTKP 1,slv2o15g
12345747,Indah Gunawan,X-IPS 1,mthm3irl
12345748,Maman Saputri,XII-RPL 1,chncp71ia
12345749,Fitri Suharto,X-TKRO 3,2spvu4ya
12345750,Xena Rahmawati,X-TBSM 3,zx87v345hme
12345751,Zahra Handoko,XI-MM 1,5vjappapr7jm
12345752,Sari Permana,X-BDP 1,xr5guyw9bnrb
12345753,Bella Firmansyah,XI-TKJ 2,4xq6tl042m0
12345754,Sari Suharto,X-TKRO 1,entg1iky
12345755,Galih Ramadhani,XI-IPS 1,lkm0rf724
12345756,Nanda Maulana,XII-RPL 1,djydnufp
12345757,Yoga Nugraha,XII-BDP 2,ze21i2mi
12345758,Kartika Ananda,X-MM 3,u5yha3ga2n4
12345759,Ojan Rizki,XI-IPA 3,bvr8ubnn2
12345760,Wulan Lestari,X-TBSM 2,9wwityfriv
12345761,Hadi Suharto,XII-BDP 2,dceizu6327f
12345762,Yudi Purnama,XI-TKRO 2,w1kjy2dyir
12345763,Nisa Surya,X-OTKP 1,lrjcy3vap
12345764,Hana Hidayat,XI-BDP 2,3n66lcoqgv
12345765,Hana Saputri,XII-BDP 2,rbnrukqc
12345766,Wulan Fadillah,X-TKJ 2,egy03lnj
12345767,Xena Saputra,XII-MM 2,fdy90tto
12345768,Citra Dewi,XII-AKL 2,grtdinrfn
12345769,Rina Aditya,X-AKL 3,mxiu1qce
12345770,Joko Pratama,XII-BDP 2,4ya3rk2z
12345771,Tono Rahmawati,XI-OTKP 1,zkr6wnztadzg
12345772,Agus Hakim,XI-TKJ 3,pe36x1j6y3jh
12345773,Nanda Syahputra,XII-TKJ 2,zaga9wxme
12345774,Putri Saputra,XII-IPA 2,mpm2ckw4lm4i
12345775,Maman Fadillah,XII-BDP 1,rix24a5xa
12345776,Xena Kurniawan,X-RPL 3,oiscynus5
12345777,Yudi Purnama,XII-TBSM 3,knoh0ylnrfh0
12345778,Budi Permana,XI-TBSM 2,6ruin7g1
12345779,Hadi Rizki,X-OTKP 2,3rxykkqn8v0v
12345780,Oka Santoso,XI-IPS 2,twojlf4q1m2
12345781,Julia Permana,XI-IPA 1,9f7h0sby4
12345782,Dinda Handoko,X-OTKP 2,7qbslef4qp
12345783,Zaki Hakim,XII-AKL 2,lz1ylx1kg
12345784,Fitri Suharto,XII-TKJ 2,jss5nbk25rwz
12345785,Lukman Maulana,X-OTKP 2,0helr9wvxph
12345786,Fitri Firmansyah,XI-TKJ 3,jru2dh9ky9
12345787,Dinda Dewi,XII-IPS 1,huqokwbamf
12345788,Maya Anggraini,XII-TKJ 1,jxsxrico
12345789,Umi Maharani,XII-TKJ 1,4haszjx7l
12345790,Fajar Maharani,XII-TKJ 1,qvlu0bh00x8g
12345791,Wawan Gunawan,X-TBSM 3,7cia9s1u
12345792,Maman Hidayat,XI-TKRO 1,9c25m1wtzfis
12345793,Fitri Fadillah,X-TBSM 2,v7krnvcj4u2
12345794,Ahmad Aditya,XI-OTKP 2,lg4swbakbtpj
12345795,Hana Aditya,XI-IPS 1,viurxtki
12345796,Umar Utama,X-TBSM 1,ci6gpdxzwq
12345797,Citra Kusuma,X-MM 3,coocig04bb
12345798,Ahmad Wijaya,X-BDP 1,hx7owmw89x
12345799,Budi Maulana,X-TBSM 1,9xdtkho5f
12345800,Yudi Hidayat,X-RPL 3,w3yc5fza21a
12345801,Maya Susanto,XI-RPL 3,c1r23qwq1yq6
12345802,Indah Wibowo,XI-BDP 2,7zx7no6dr82x
12345803,Lina Santoso,XII-TKRO 3,zo3t5el3x1q
12345804,Galih Safitri,X-RPL 3,urum5o783
12345805,Putri Wibowo,XI-BDP 1,it8pw877ae3c
12345806,Dinda Permana,X-IPA 3,738rtgw7rbgl
12345807,Citra Syahputra,XII-TKJ 2,06etgtnk64l
12345808,Rina Cahyono,XII-TKJ 2,znoi7dw5vp
12345809,Putri Ramadhan,X-OTKP 1,xjwaqlbnclfn
12345810,Eko Aditya,XI-TKJ 1,t8z98c78q4y
12345811,Rina Maharani,X-AKL 1,com7bucus13
12345812,Lukman Hakim,XI-IPA 3,5faqnkppmpc0
12345813,Maya Septian,XII-BDP 3,y6d3kvflb30w
12345814,Oka Ananda,X-AKL 3,qs5n2dzz162g
12345815,Maya Wijaya,XI-AKL 3,r4knshhxk
12345816,Deni Utama,XI-TBSM 1,qr8b6qir0qug
12345817,Putri Hidayat,XII-OTKP 3,v54bvxss
12345818,Oka Handoko,XII-RPL 1,8ub9ytyq
12345819,Umar Wibowo,X-OTKP 1,7bdqsegpl17m
12345820,Yoga Prasetyo,XI-TBSM 3,8p25qnn7
12345821,Hadi Ananda,X-IPA 3,z5lkzxjl
12345822,Yoga Lestari,XII-MM 3,4lbdi6l6
12345823,Deni Maulana,XII-OTKP 1,chgqjgir5s
12345824,Rafi Hidayat,XI-IPS 3,hvbm8b9n4rsk
12345825,Hana Kusuma,X-AKL 1,pu2lsv8xtgl
12345826,Wawan Mahendra,XI-IPA 3,5dm4dxt0i
12345827,Julia Utama,X-TBSM 1,ymrhe2ctqh
12345828,Qori Santoso,XII-IPS 3,hmkhhy6d4u
12345829,Qori Rizki,XII-MM 1,2xfif4n0
12345830,Julia Dewi,XI-IPA 3,69rzv96ggu92
12345831,Citra Saputra,X-TKJ 1,nizj8do2oj84
12345832,Zahra Purnama,X-IPS 1,48u4t62rxkl
12345833,Maman Mahendra,X-TKRO 3,kzplmabeh
12345834,Wawan Maulana,X-RPL 2,umwcujx4shf0
12345835,Zahra Santoso,XI-TKJ 2,h05oj0mo
12345836,Vero Ramadhan,XII-IPS 2,tnncc6qy
12345837,Nanda Fadillah,X-AKL 2,7qtl7snl
12345838,Putra Gunawan,XII-RPL 2,jvzrautvexv
12345839,Tari Purnama,XI-IPA 1,zka40b16
12345840,Lukman Saputra,XII-TBSM 2,v0pdbazf
12345841,Fitri Utama,X-BDP 1,rwpgvjgdj
12345842,Zaki Mahendra,XII-AKL 1,cf57m3pb
12345843,Bella Fadillah,XI-TKJ 2,s7lih5homa
12345844,Putra Maulana,XII-OTKP 1,krk8v4zp2ru
12345845,Rina Saputri,XII-TKRO 3,qadaz6kyf
12345846,Rina Gunawan,X-TKJ 2,pra875rg
12345847,Hadi Kusuma,XI-BDP 3,poykydxpk
12345848,Citra Setiawan,XI-MM 3,ks242yy9v93
12345849,Joko Prasetyo,X-MM 1,2nn8d5tk0t
12345850,Tari Rahmawati,X-MM 1,e5x6bjsp
12345851,Citra Anggraini,XII-IPA 1,yvsh1t426a20
12345852,Kiki Wijaya,X-MM 1,630e1mcg7udy
12345853,Hadi Ramadhani,XI-AKL 1,cs06d1zwdl
12345854,Vero Rizki,X-TKJ 3,rusor2bkkbu
12345855,Budi Utama,XI-TBSM 3,58vn1z8klo3
12345856,Galih Nugraha,X-OTKP 3,vzf4hbiamr
12345857,Joko Gunawan,X-IPA 3,u1k7876fcxmb
12345858,Dinda Hidayat,X-IPS 2,1h360ok4f6
12345859,Deni Maharani,XI-BDP 3,5ka9fcj4ss
12345860,Kiki Cahyono,XI-TBSM 3,zz968qvuxs
12345861,Yudi Santoso,XII-RPL 1,07jfkznf
12345862,Nisa Wijaya,XI-BDP 1,mcgcpz228wme
12345863,Sandi Handoko,XII-TKJ 2,nnst4gag2
12345864,Sari Setiawan,XII-OTKP 2,z0t98ankaf10
12345865,Putra Azzahra,XI-TKRO 2,lkoubkvv8j
12345866,Qori Firmansyah,X-AKL 1,po3nnyy6
12345867,Hadi Saputri,X-BDP 3,gx49zj6t6d
12345868,Dinda Susanto,XI-BDP 1,su2346for
12345869,Julia Permana,X-TBSM 3,8qu3oew7qo98
12345870,Bella Surya,X-RPL 2,z6w6oagmp
12345871,Joko Aditya,X-MM 2,1plwqob1dpha
12345872,Lukman Saputri,X-TBSM 1,uflv7fipuy
12345873,Lina Fadillah,X-AKL 3,reg7qozwy
12345874,Eko Firmansyah,X-TBSM 2,9tkctwfvyw94
12345875,Candra Hidayat,XII-IPS 1,5fd3u574u1o
12345876,Lukman Saputri,XI-TKJ 1,gncxwbfoc1
12345877,Putri Saputri,X-MM 1,269053u9uub
12345878,Maya Ramadhani,XI-BDP 2,9ut4l6i6tj
12345879,Rina Purnama,X-IPS 1,sro9a9k3n25
12345880,Ojan Wijaya,XII-TBSM 1,c6cz3kepd31
12345881,Oka Septian,X-TBSM 1,1dxgqi1xf
12345882,Gita Utama,XII-MM 2,gwevs43l
12345883,Joko Ramadhan,XII-AKL 1,1pdxc1gf1
12345884,Hadi Safitri,X-BDP 3,9yi1jx6k667
12345885,Oka Fadillah,XII-TKJ 3,u3m2f7s244
12345886,Yoga Setiawan,X-OTKP 3,j0r4p9lsj
12345887,Sari Rizki,XII-BDP 2,od1sxalozs5v
12345888,Ojan Firmansyah,X-IPS 3,u7iniiw5vt7
12345889,Indah Anggraini,XII-AKL 1,49pjliygfrb
12345890,Kiki Gunawan,XII-RPL 3,l06911cv
12345891,Candra Kusuma,X-RPL 1,yji119c6
12345892,Zaki Lestari,X-TKJ 3,vgjfz1ty3ml2
12345893,Tono Ramadhani,XII-AKL 2,xz19poct9b9
12345894,Hana Surya,X-IPS 1,ube4ycvaw019
12345895,Budi Wibowo,XI-TKRO 3,kjl05jco
12345896,Galih Azzahra,XI-TKRO 1,zdzlkpeh91
12345897,Tono Kusuma,XI-MM 1,i36m74clq7
12345898,Lina Nugraha,XI-MM 1,quyyrp0yf6g
12345899,Deni Saputri,X-RPL 3,1vg3hy0fevs
12345900,Candra Anggraini,X-IPA 3,zpx1ksmljl
12345901,Putra Permana,XI-TKJ 3,hx5d9997lz8
12345902,Budi Anggraini,X-IPS 2,9pula23y6
12345903,Tari Surya,XI-TBSM 2,lwu4qkrmi9
12345904,Indah Wibowo,XI-TBSM 1,juxlg3y4dk3q
12345905,Yoga Gunawan,XII-OTKP 2,3sqcujigzj0
12345906,Kiki Dewi,XI-MM 3,luvfuhy8876
12345907,Wawan Kurniawan,X-OTKP 3,lmerrjv07yoh
12345908,Umar Maulana,XI-MM 2,u44u7hwx8
12345909,Tari Safitri,X-AKL 2,ys2orpxjf
12345910,Joko Wijaya,XI-MM 1,9sk5q2wdo
12345911,Zaki Kurniawan,XII-TKJ 1,1ypfbgfd
12345912,Lina Susanto,X-TKRO 2,5zg2zp4rnjt
12345913,Yudi Mahendra,XI-RPL 2,0o97iicx
12345914,Putra Suharto,XII-IPA 3,glmajw1mebc
12345915,Lukman Firmansyah,XI-IPS 2,c0ev5a5z
12345916,Maman Firmansyah,X-AKL 3,2vvi4r5w7p
12345917,Tari Suharto,X-MM 2,yy3m5fp64o
12345918,Kiki Purnama,XII-MM 3,rppe4sn22
12345919,Wawan Dewi,XI-TBSM 2,1gon682zkqg
12345920,Eka Permana,XI-RPL 3,7azb251y
12345921,Bella Prasetyo,XII-RPL 3,bhsyj517
12345922,Zaki Dewi,XI-TBSM 3,w8ha4ddg
12345923,Nanda Kurniawan,XII-IPA 3,13aa6pgeo
12345924,Vina Permana,XI-BDP 1,sfdrjj6v
12345925,Budi Syahputra,XII-AKL 1,vv5872a6kj
12345926,Ojan Rizki,X-RPL 2,g7c3fumxx
12345927,Xena Ramadhani,XI-TKJ 3,zjy6ejwlang
12345928,Julia Purnama,XI-IPS 1,qwn535s67tp
12345929,Candra Syahputra,X-OTKP 1,sdlrquux
12345930,Maman Nugraha,XI-BDP 2,auh9pof4o6t
12345931,Hana Fadillah,XI-MM 3,9prt1ageh4z
12345932,Xena Pratama,XII-BDP 1,pdltcq1rn
12345933,Galih Rahmawati,X-BDP 1,9scn6m0cnc
12345934,Wulan Permana,XI-IPA 1,cug4pzpuf
12345935,Dinda Rahmawati,XI-TBSM 2,gkuci2ly1ld
12345936,Sandi Saputra,X-OTKP 3,rle39c61w
12345937,Vina Ramadhani,X-MM 1,wbvfjf8t3
12345938,Xena Firmansyah,XII-IPS 3,6fqljfeenwu
12345939,Putri Firmansyah,X-TBSM 1,82eyti477v
12345940,Nanda Wijaya,X-TKJ 2,2az1nimno44
12345941,Oka Saputri,XI-OTKP 3,hpaa3hmls0n
12345942,Umar Gunawan,X-OTKP 3,gf6tufn6nx
12345943,Umar Aditya,X-MM 1,uyjad6qa6
12345944,Maya Prasetyo,XI-OTKP 3,895vw4hr
12345945,Nisa Utama,XII-TBSM 3,s3xbazj9kxw
12345946,Kiki Ananda,XII-IPA 1,tk4bvhzzc9gk
12345947,Zaki Setiawan,X-TKRO 2,fd637z1w6x
12345948,Lukman Rahmawati,XII-TBSM 3,7w8boq2rl2
12345949,Julia Hakim,XII-IPS 2,tdiuqsf9lmf
12345950,Wawan Susanto,XII-IPS 2,ill9vgm490l
12345951,Umar Pratama,XI-TKJ 2,9yi7zh4ox
12345952,Vina Hidayat,XII-MM 1,e63kkhoiq
12345953,Imam Ramadhan,XI-TBSM 2,ir35kn34fdo
12345954,Hadi Nugraha,XI-MM 3,97owwh7i6
12345955,Kiki Susanto,XII-IPA 3,mrsjbyvke
12345956,Tari Ramadhan,X-RPL 2,i6ssmakmo
12345957,Citra Wijaya,XI-TKRO 3,k9eo6gu1v
12345958,Indah Fadillah,XI-RPL 2,2p9l9zss77qi
12345959,Putri Gunawan,XI-TBSM 3,sqz7y6haudbc
12345960,Candra Maulana,XI-OTKP 3,ne2kol5i7fi
12345961,Citra Wijaya,X-BDP 2,vdj9ne0te2
12345962,Putra Ananda,XI-TKJ 3,lkapgdsv
12345963,Putra Mahendra,XII-IPA 3,0zzpbc1o60e
12345964,Dinda Susanto,XII-BDP 1,d7ei8lhde
12345965,Yoga Handoko,X-MM 3,l3zksn19
12345966,Candra Saputri,XI-TKRO 2,xfjjj0kn0v
12345967,Xena Rizki,X-OTKP 3,c0a38tvm
12345968,Hana Saputra,XII-TKRO 1,g9rsu812p
12345969,Fajar Cahyono,XII-TBSM 2,a2a7kzaetk9
12345970,Hadi Cahyono,X-BDP 2,1oe4m2li95v
12345971,Indah Fadillah,XII-MM 2,dcaj45833ea
12345972,Xena Maharani,XI-TKRO 1,74dco94zjre
12345973,Deni Kusuma,XI-TKRO 1,293cyg0wbdl
12345974,Fitri Anggraini,XI-IPA 2,7klfijucz
12345975,Wulan Wijaya,X-TKRO 1,k5rhh7a681w
12345976,Joko Aditya,XI-IPS 2,hkavzbv4
12345977,Tono Dewi,XI-OTKP 2,noh636ly6hv6
12345978,Julia Fadillah,XI-OTKP 3,eu0ti1w1bqif
12345979,Julia Susanto,X-BDP 2,s2xb3066odji
12345980,Ahmad Syahputra,XI-RPL 2,uk7hbkx68zf
12345981,Dinda Saputri,XI-RPL 2,2s8l3grm
12345982,Xena Wibowo,XII-MM 3,pgxqq991
12345983,Lukman Prasetyo,XI-TBSM 1,2he8duonu8b9
12345984,Zahra Mahendra,XII-AKL 2,4x1av9j2
12345985,Rafi Firmansyah,XI-TKRO 2,vjxw0l13i8x4
12345986,Budi Mahendra,XI-BDP 3,lhi0vkh5g7p
12345987,Xena Suharto,XI-RPL 1,9u7wbe2z5
12345988,Vero Firmansyah,X-IPS 3,2weg6aaxw
12345989,Tari Pratama,X-TKRO 3,oy1fp6vjz5
12345990,Sari Wibowo,XII-TKRO 3,yt239cetit
12345991,Wawan Azzahra,XII-OTKP 2,u35o94agux
12345992,Nanda Gunawan,XII-BDP 3,0d5m2q5p4gb
12345993,Rina Permana,XII-MM 2,dwu0mwdj2r8b
12345994,Deni Maulana,XII-TBSM 3,j7af18zvp
12345995,Putri Aditya,X-AKL 1,hni5xpugep
12345996,Vina Saputra,XII-TKRO 2,qd1cyg6o3u3e
12345997,Umi Handoko,XI-TKJ 1,87tnfi65zge
12345998,Yudi Dewi,X-TKRO 3,gzw3qu6nian
12345999,Imam Gunawan,XII-TKRO 2,gyf1c1vgs
12346000,Rina Santoso,X-TBSM 1,c0endatba6
12346001,Joko Prasetyo,XII-TBSM 3,vk442yucq6ra
12346002,Yudi Firmansyah,XI-TKJ 2,73j3ci7a
12346003,Eko Rahmawati,XII-TKJ 2,72da2jyqbkj
12346004,Hana Fadillah,XI-RPL 3,9rtzfaj25f14
12346005,Dinda Ananda,XII-AKL 1,s77aoh1jv5q
12346006,Zaki Pratama,XII-BDP 1,zfl6tsjphn
12346007,Deni Nugraha,XI-OTKP 2,msbn1u69a
12346008,Nanda Maulana,XI-TBSM 1,5zlz5g4g5
12346009,Bella Saputra,X-IPA 1,kcw6l5h5ol
12346010,Wawan Hidayat,XII-TKRO 1,s2ox5984h6qb
12346011,Joko Firmansyah,XII-RPL 1,d1mehjzh1
12346012,Indah Hakim,X-TKJ 1,y52tjs4rr
12346013,Sari Pratama,X-RPL 3,m1tf5n0h
12346014,Ahmad Prasetyo,XI-OTKP 2,b96ow85nvmfm
12346015,Xena Suharto,XI-OTKP 3,wpvkrcobe
12346016,Tari Wijaya,XII-IPA 2,kfg1kr9p0btn
12346017,Putra Surya,XII-TKRO 3,a04hd094ex0m
12346018,Zaki Kusuma,XI-AKL 2,u5qekow9
12346019,Ahmad Santoso,XI-OTKP 2,2rnfgbdxj
12346020,Yoga Safitri,X-AKL 1,hyd1tepvyw
12346021,Wawan Safitri,XI-MM 3,yxhic05oi
12346022,Bella Lestari,XII-TKJ 3,gj325ihdk
12346023,Xena Hidayat,XII-IPS 3,4u1ifcy7ia
12346024,Tono Maharani,X-IPS 1,m1rxoqjgtr
12346025,Maman Cahyono,XI-TBSM 1,l53xpyscuwfj
12346026,Budi Rahmawati,XII-MM 1,up50yo3v5z
12346027,Vero Ramadhani,XII-IPS 3,0on3api91vmj
12346028,Maya Cahyono,XI-BDP 3,aiuf9wtt
12346029,Kartika Maulana,XII-BDP 1,qipr0gpr
12346030,Oka Permana,XII-MM 1,vce9o0ng91o
12346031,Hadi Syahputra,XI-AKL 3,4qox92ni
12346032,Tono Wibowo,X-RPL 3,5b1sku3v
12346033,Budi Handoko,XII-IPA 1,gytrd39zmt
12346034,Lina Ananda,X-TKRO 2,1xl4pbionlvb
12346035,Lukman Wijaya,XII-MM 1,j6bxi0wyxkoo
12346036,Indah Safitri,XI-IPA 3,6by8yvv6af6
12346037,Nanda Suharto,XII-IPS 2,90l4st42ld
12346038,Nisa Dewi,X-TKJ 1,5rx7elkebxfc
12346039,Yoga Pratama,XI-TBSM 2,tav4rvxld7k
12346040,Galih Cahyono,X-AKL 2,bklhegmmu
12346041,Galih Rahmawati,XII-BDP 2,u78n22p7ypir
12346042,Eko Maulana,XII-TKJ 1,ql0gbdyfqp47
12346043,Lina Gunawan,XII-IPA 1,dabt844o
12346044,Maman Fadillah,XII-MM 1,6c60kl0nov
12346045,Wawan Mahendra,XII-AKL 3,ex435oeiywyd
12346046,Gita Hakim,X-TKRO 1,1vcmyhr3b5
12346047,Zahra Ramadhani,XI-MM 2,i4tjzepbhini
12346048,Candra Kurniawan,XI-IPS 3,8gh7qx7jybap
12346049,Vina Handoko,XII-TBSM 1,cog3ykxrc4cz
12346050,Budi Rahmawati,X-IPA 3,mxiozhlr11s
12346051,Candra Santoso,XII-RPL 3,m7lhurhi
12346052,Zaki Rizki,XII-TKJ 3,qv1huidccl
12346053,Oka Ramadhan,XII-RPL 2,i5x1796a926w
12346054,Dinda Pratama,X-RPL 1,hjcld6yqbw3k
12346055,Imam Cahyono,XI-OTKP 1,mlxmgsvne1
12346056,Umar Fadillah,XII-AKL 2,fe3ho48lxl
12346057,Kiki Rahmawati,X-IPA 1,n9ooopbjnz3e
12346058,Nisa Permana,X-TBSM 3,efofutr7fy
12346059,Umar Hidayat,XI-IPS 1,ws49iovzq6lx
12346060,Deni Maulana,X-IPS 3,t8j12y0q
12346061,Nanda Dewi,XII-TKJ 3,2p8mg6y0s8
12346062,Indah Maharani,X-TKRO 3,0lpvaui3wgyy
12346063,Hadi Prasetyo,XI-BDP 1,agqcccuyz78
12346064,Ojan Rahmawati,XI-TKRO 2,bbyi98svh1s3
12346065,Lina Permana,XI-TKJ 3,weabp8av
12346066,Budi Kusuma,X-IPA 1,rn73jlpa0
12346067,Budi Hakim,XI-MM 1,suvvjezjzs2
12346068,Lina Surya,XI-TKRO 2,10u4j4ig
12346069,Putra Surya,XI-TBSM 2,59pfqrj4ol27
12346070,Deni Maulana,X-MM 1,koyao4oaq
12346071,Yoga Hidayat,XII-MM 1,c1x58alv7
12346072,Julia Hidayat,XI-IPS 3,mvw9jei2
12346073,Wawan Ramadhan,XII-TBSM 2,lume2xvbgk
12346074,Nisa Prasetyo,XI-AKL 3,kp158vr22dcj
12346075,Yoga Septian,XII-RPL 3,zyjnwcbjc66c
12346076,Yoga Gunawan,X-IPA 1,0dic1nbhqtfu
12346077,Eko Firmansyah,XII-MM 2,rsboktb9
12346078,Hana Gunawan,X-MM 2,0grbtcg7b7f
12346079,Wawan Surya,XII-RPL 2,f6zq8nt6ku
12346080,Joko Pratama,XI-IPS 1,qa6bw9xfwjw
12346081,Nisa Kurniawan,X-OTKP 1,tfpg2e16
12346082,Nisa Mahendra,X-OTKP 3,zzj4n9zllhyb
12346083,Maman Ramadhan,XII-IPS 2,vtduxapqapx
12346084,Maman Hakim,XI-RPL 2,dh3dmsw22d8h
12346085,Oka Permana,XII-IPA 3,y3p6mhlca4
12346086,Tono Dewi,X-AKL 2,a7oaijy4
12346087,Sari Hakim,XI-TKJ 1,nedqt018qf1
12346088,Yoga Purnama,XII-TKJ 1,s9cyxexhfe
12346089,Tono Rizki,X-IPS 3,k0o36teq
12346090,Vero Septian,X-IPA 3,wmpqeuig1
12346091,Rafi Maulana,XII-TKRO 1,yosmywect9
12346092,Joko Surya,X-TKRO 2,iz4yg30jf7jb
12346093,Candra Hidayat,X-BDP 1,3xpd0whyj9
12346094,Agus Ramadhan,XI-OTKP 2,qp9zso8c5n3d
12346095,Rafi Mahendra,X-TKJ 2,jy6rt7mk
12346096,Tono Ramadhan,XII-IPS 2,nxzgqksx
12346097,Maya Saputra,X-MM 1,nbi6y3673
12346098,Wulan Permana,XI-RPL 1,f60whwux
12346099,Maman Ananda,X-TKRO 2,jumzrxdnme2w
12346100,Indah Santoso,XI-BDP 2,9apb254c
12346101,Umar Dewi,XI-RPL 1,62ps488fycx7
12346102,Budi Purnama,XII-IPS 2,f0r0d5125sz
12346103,Sari Susanto,X-OTKP 2,8afo10w3s7
12346104,Rafi Hidayat,X-TKJ 3,aii4f0nprqz4
12346105,Rina Pratama,XII-TKJ 2,odgqdc33p9
12346106,Putra Septian,X-IPS 2,n5ohbi1m
12346107,Xena Hidayat,XI-IPA 3,xxxyeaklp
12346108,Maya Ananda,X-BDP 3,hgpoypmme
12346109,Candra Septian,X-AKL 1,d0t0n514cry
12346110,Hadi Handoko,XII-TKJ 1,wota0i0hmtz
12346111,Galih Ramadhan,XII-IPS 2,yi7sjg9s
12346112,Rina Rahmawati,X-TKJ 3,779bbf261ys
12346113,Yudi Cahyono,X-OTKP 1,c8jca7a5ei6
12346114,Kartika Azzahra,X-TKJ 3,ucmbcbvlpkor
12346115,Dinda Handoko,X-IPA 2,0hhoh74hfi
12346116,Candra Syahputra,X-TKJ 2,cxg1q30dpm
12346117,Gita Ramadhani,XI-TKRO 1,6zq9wv65wdm
12346118,Vina Maulana,XI-BDP 3,y33om0hefyzw
12346119,Putri Lestari,XI-TBSM 3,cfxtkecsj01
12346120,Kiki Rahmawati,XI-BDP 3,1ez2odan
12346121,Agus Kusuma,XII-TKRO 1,ygpundej
12346122,Ahmad Azzahra,XII-TKRO 1,2v0vx74pr0d
12346123,Kartika Wijaya,XI-AKL 3,zjhnxb9qv9x
12346124,Eka Suharto,XI-IPS 1,13obhbxjhnd0
12346125,Oka Susanto,X-TKRO 1,2sjeeffv5
12346126,Yudi Santoso,X-RPL 2,rzln8ypn6rh2
12346127,Lukman Suharto,X-TKRO 3,u1sipv8um48
12346128,Citra Ramadhani,XII-TKRO 3,idmria9vypj
12346129,Vero Hidayat,XII-TKRO 2,1pr6urxvc69n
12346130,Eka Dewi,XI-TBSM 3,uxd1k0ggsc3i
12346131,Joko Firmansyah,X-OTKP 3,458jjzahrl
12346132,Rina Wijaya,X-RPL 2,0t43xla6
12346133,Joko Ramadhani,XII-TKRO 3,ydapkzr8fis
12346134,Citra Permana,XII-IPS 2,gsak5cow
12346135,Wawan Ananda,XI-TKJ 1,glav445gben
12346136,Zaki Kusuma,X-BDP 2,tn6mc23gp
12346137,Sandi Hakim,X-RPL 3,62uetohe1j4
12346138,Hana Safitri,X-AKL 1,gm0iguopk
12346139,Wawan Rahmawati,XII-OTKP 1,yhxhgwj1icy
12346140,Nanda Ananda,X-IPS 2,q7wnjquibnse
12346141,Fitri Suharto,X-IPA 3,b0ss8y34j8x
12346142,Maman Firmansyah,XII-IPS 3,zqjf47zabvh
12346143,Budi Kurniawan,XII-RPL 3,u675n6szcj5x
12346144,Kiki Hakim,X-AKL 3,f0p2fq9a0
12346145,Putra Saputra,XI-IPS 3,axy6yczzzbq
12346146,Sari Hakim,XI-OTKP 2,2iyty3mqy
12346147,Tono Handoko,X-IPA 2,f4h89zjeb6j
12346148,Wulan Surya,XI-IPS 1,18166860n
12346149,Fajar Suharto,X-TKJ 2,69kseb1dxw
12346150,Sari Purnama,X-TBSM 2,2z675dzlv
12346151,Kartika Firmansyah,XI-IPS 1,ga6lw0pk8vk
12346152,Rina Saputra,XII-RPL 2,2sym5y6fox
12346153,Gita Mahendra,X-BDP 3,ooiofrwx
12346154,Galih Dewi,X-MM 1,5y1gr3d7
12346155,Wawan Cahyono,XI-BDP 1,6bf21bs3czz
12346156,Zahra Maharani,X-RPL 1,oabu70y6
12346157,Lukman Surya,XII-RPL 2,6sdbbc37c
12346158,Julia Santoso,X-RPL 1,onp1v1qcuq
12346159,Umi Anggraini,XII-TKJ 1,hmdm8sqba
12346160,Vina Ananda,XI-BDP 3,iwgywph2z
12346161,Tari Saputra,X-OTKP 2,khszvjfj
12346162,Gita Syahputra,XI-TBSM 1,3800p21wf
12346163,Ahmad Prasetyo,X-AKL 2,5cwoaitm2bsn
12346164,Tono Pratama,XII-TBSM 2,qmbn88gzhj
12346165,Lukman Purnama,X-OTKP 3,v700md0tlt
12346166,Ojan Pratama,XI-BDP 3,u91sxbqlfi8
12346167,Budi Lestari,XII-TBSM 3,xykpopfhze
12346168,Fitri Nugraha,XI-AKL 2,lbsyneya
12346169,Maman Rahmawati,XI-RPL 2,0vbo7xe7kii
12346170,Rina Ramadhani,XII-IPS 1,vd2osztb
12346171,Oka Wibowo,XI-RPL 2,m11kf6mb
12346172,Oka Firmansyah,X-MM 2,w80w9x1yzga
12346173,Eko Surya,XII-TKRO 2,x7kh4jiv2
12346174,Putri Setiawan,X-TKJ 2,4j1hivipo
12346175,Rafi Kurniawan,X-RPL 3,wdgzoby278j4
12346176,Wawan Kusuma,XI-OTKP 3,z60xokup5
12346177,Gita Surya,XI-TBSM 1,dx1ck7gn
